"id";"lat";"lon";"amenity";"city";"state";"country";"scraped_country_code";"scraped_country_name";"authentication:nfc";"capacity";"capacity:car";"motorcar";"operator";"operator:wikidata";"socket:schuko";"socket:schuko:current";"socket:schuko:voltage";"socket:type2";"socket:type2:current";"socket:type2:voltage";"ref";"addr:housenumber";"addr:street";"addr:postcode";"brand";"charge";"opening_hours";"fee"
"6865327793";"-41.4429335";"145.5266163";"charging_station";"West Coast";"Australia";"Tasmania";"N/A";"N/A";"";"2";"";"";"Electric Highway Tasmania";"";"";"";"";"1";"";"";"5300";"";"";"";"";"";"";""
"8490588005";"-41.5824743";"145.9366036";"charging_station";"Kentish";"Australia";"Tasmania";"N/A";"N/A";"";"1";"";"";"Tasmanian Parks & Wildlife";"";"";"";"";"1";"";"";"";"";"";"";"";"";"";"no"
"12284510397";"-41.5736257";"145.9340825";"charging_station";"Kentish";"Australia";"Tasmania";"N/A";"N/A";"";"";"";"";"Chargefox";"Q105775824";"";"";"";"";"";"";"";"";"";"";"";"";"";"yes"
"3946796253";"-41.218297";"146.4125226";"charging_station";"Latrobe";"Australia";"Tasmania";"N/A";"N/A";"";"2";"";"";"";"";"";"";"";"1";"";"";"";"";"";"";"";"";"";"no"
"5519599141";"-41.382797";"146.3248524";"charging_station";"Kentish";"Australia";"Tasmania";"N/A";"N/A";"";"2";"";"yes";"Sheffield Visitor Information Centre";"";"";"";"";"2";"";"";"";"";"";"";"";"";"24/7";"yes"
"8167428500";"-41.1776609";"146.3593825";"charging_station";"Devonport";"Australia";"Tasmania";"N/A";"N/A";"";"2";"";"";"Electric Highway Tasmania";"Q105834331";"";"";"";"1";"";"";"";"";"";"";"Electric Highway Tasmania";"0.25 AU/kWh";"24/7";"yes"
"8678497906";"-41.1800018";"146.3673186";"charging_station";"Devonport";"Australia";"Tasmania";"N/A";"N/A";"";"3";"";"";"Tesla";"Q478214";"";"";"";"";"";"";"";"";"";"";"Tesla Supercharger";"";"";""
"10561388116";"-41.426075";"146.1800703";"charging_station";"Kentish";"Australia";"Tasmania";"N/A";"N/A";"";"1";"";"";"";"";"";"";"";"1";"";"";"";"";"";"";"";"";"";"no"
"10597363016";"-41.1792402";"146.3414448";"charging_station";"Devonport";"Australia";"Tasmania";"N/A";"N/A";"";"";"";"";"";"";"";"";"";"1";"";"";"";"";"";"";"";"";"";""
"6510508421";"-41.5279633";"146.830594";"charging_station";"Meander Valley";"Australia";"Tasmania";"N/A";"N/A";"";"1";"";"";"Meander Valley Council";"";"";"";"";"1";"";"";"";"";"";"";"";"";"";"no"
"7882866714";"-41.5236168";"146.6510431";"charging_station";"Meander Valley";"Australia";"Tasmania";"N/A";"N/A";"";"1";"";"";"Meander Valley Council";"";"";"";"";"1";"";"";"";"";"";"";"";"";"";"no"
"8864968843";"-41.525806";"146.8452421";"charging_station";"Meander Valley";"Australia";"Tasmania";"N/A";"N/A";"";"";"";"";"Evie Networks";"Q105795220";"";"";"";"";"";"";"";"";"";"";"";"";"";""
"12206341968";"-41.2996195";"146.9515989";"charging_station";"West Tamar";"Australia";"Tasmania";"N/A";"N/A";"";"";"";"";"Chargefox";"Q105775824";"";"";"";"";"";"";"";"";"";"";"";"";"";"yes"
"12435604712";"-41.483845";"146.5978213";"charging_station";"Meander Valley";"Australia";"Tasmania";"N/A";"N/A";"";"";"";"";"NRMA";"Q6955173";"";"";"";"";"";"";"";"";"";"";"";"";"";""
"6510389778";"-41.4358155";"147.1395575";"charging_station";"Launceston";"Australia";"Tasmania";"N/A";"N/A";"";"";"";"";"Chargefox";"Q105775824";"";"";"";"1";"";"";"";"";"";"";"";"";"";""
"7034602235";"-41.4681651";"147.1586843";"charging_station";"Launceston";"Australia";"Tasmania";"N/A";"N/A";"";"2";"";"yes";"Chargefox";"Q105775824";"";"";"";"";"";"";"";"";"";"";"";"";"";""
"7070676761";"-41.1621624";"147.5146104";"charging_station";"Dorset";"Australia";"Tasmania";"N/A";"N/A";"";"";"";"";"Dorset Council";"";"";"";"";"";"";"";"";"";"";"";"";"";"";""
"8660513415";"-41.4399913";"147.1376477";"charging_station";"Launceston";"Australia";"Tasmania";"N/A";"N/A";"";"";"";"";"";"";"";"";"";"";"";"";"";"";"";"";"Tesla";"";"";""
"8660540033";"-41.4403151";"147.1290413";"charging_station";"Launceston";"Australia";"Tasmania";"N/A";"N/A";"";"";"";"";"";"";"";"";"";"";"";"";"";"";"";"";"Tesla";"";"";""
"8896794603";"-41.4501546";"147.1419909";"charging_station";"Launceston";"Australia";"Tasmania";"N/A";"N/A";"";"";"";"";"Chargefox";"Q105775824";"";"";"";"";"";"";"";"";"";"";"";"";"";""
"10203818135";"-41.251906";"147.2166221";"charging_station";"Launceston";"Australia";"Tasmania";"N/A";"N/A";"";"";"";"";"Chargefox";"Q105775824";"";"";"";"1";"";"";"5115";"";"";"";"";"";"";""
"12284511268";"-41.3992576";"147.1195204";"charging_station";"Launceston";"Australia";"Tasmania";"N/A";"N/A";"";"";"";"";"";"";"";"";"";"1";"";"";"";"";"";"";"";"";"";""
"12284511269";"-41.3992136";"147.119502";"charging_station";"Launceston";"Australia";"Tasmania";"N/A";"N/A";"";"";"";"";"";"";"";"";"";"";"";"";"";"";"";"";"";"";"";""
"12284543777";"-41.4463615";"147.1228846";"charging_station";"Launceston";"Australia";"Tasmania";"N/A";"N/A";"";"";"";"";"Chargefox";"Q105775824";"";"";"";"1";"";"";"";"";"";"";"";"";"";"yes"
"8353962063";"-41.3228603";"148.2483219";"charging_station";"Break O'Day";"Australia";"Tasmania";"N/A";"N/A";"";"2";"";"";"Electric Highway Tasmania";"Q105834331";"";"";"";"1";"";"";"";"";"";"";"Electric Highway Tasmania";"0.25 AU/kWh";"24/7";"yes"
"11316584292";"-41.4516297";"172.8368924";"charging_station";"Tasman District";"New Zealand";"Tasman";"N/A";"N/A";"";"4";"";"";"Meridian Energy";"Q6819305";"";"";"";"";"";"";"";"";"";"";"Zero";"";"24/7";""
"5681508965";"-41.2700795";"173.2848144";"charging_station";"Nelson City";"New Zealand";"Nelson";"N/A";"N/A";"";"1";"";"yes";"Network Tasman";"";"";"";"";"1";"";"";"";"";"";"";"";"$0.40/kWh";"";"yes"
"6989026746";"-41.3380282";"173.1842997";"charging_station";"Tasman District";"New Zealand";"Tasman";"N/A";"N/A";"";"";"";"";"Network Tasman";"";"";"";"";"";"";"";"";"";"";"";"";"$0.40/kWh";"";"yes"
"7863178507";"-41.2758318";"173.2773481";"charging_station";"Nelson City";"New Zealand";"Nelson";"N/A";"N/A";"";"2";"";"";"ChargeNet NZ";"Q105872959";"";"";"";"";"";"";"";"";"";"";"";"";"";"yes"
"10175472318";"-41.3229567";"173.2142144";"charging_station";"Tasman District";"New Zealand";"Tasman";"N/A";"N/A";"";"3";"";"";"Meridian Energy";"Q6819305";"";"";"";"2";"";"";"";"";"";"";"Zero";"";"";""
"10845764605";"-41.3345214";"173.2016406";"charging_station";"Tasman District";"New Zealand";"Tasman";"N/A";"N/A";"";"10";"";"";"woolworths";"";"";"";"";"";"";"";"";"";"";"";"";"";"";""
"746583025";"";"";"charging_station";"N/A";"N/A";"N/A";"N/A";"N/A";"";"2";"";"";"Cawthron Institute";"";"";"";"";"";"";"";"";"";"";"";"";"";"";"yes"
"6986705768";"-41.2715581";"173.2936613";"";"Nelson City";"New Zealand";"Nelson";"N/A";"N/A";"";"";"";"";"";"";"";"";"";"";"";"";"";"";"";"";"";"";"";""
"6986705769";"-41.2715574";"173.2935489";"";"Nelson City";"New Zealand";"Nelson";"N/A";"N/A";"";"";"";"";"";"";"";"";"";"";"";"";"";"";"";"";"";"";"";""
"6986705770";"-41.2716083";"173.2935484";"";"Nelson City";"New Zealand";"Nelson";"N/A";"N/A";"";"";"";"";"";"";"";"";"";"";"";"";"";"";"";"";"";"";"";""
"6986705772";"-41.271609";"173.2936607";"";"Nelson City";"New Zealand";"Nelson";"N/A";"N/A";"";"";"";"";"";"";"";"";"";"";"";"";"";"";"";"";"";"";"";""
"5616237708";"-41.4606681";"173.9617228";"charging_station";"Marlborough District";"New Zealand";"Marlborough";"N/A";"N/A";"";"1";"";"yes";"ChargeNet NZ";"Q105872959";"";"";"";"";"";"";"";"";"";"";"";"0.80 NZD/kWh";"24/7";"yes"
"5689282193";"-41.5144212";"173.9596638";"charging_station";"Marlborough District";"New Zealand";"Marlborough";"N/A";"N/A";"";"1";"";"yes";"";"";"";"";"";"";"";"";"";"";"";"";"";"";"";"no"
"6102405680";"-41.5094723";"173.9231092";"charging_station";"Marlborough District";"New Zealand";"Marlborough";"N/A";"N/A";"";"1";"";"yes";"ChargeNet NZ";"Q105872959";"";"";"";"";"";"";"";"";"";"";"";"";"";"yes"
"11155247746";"-41.2923055";"174.0065444";"charging_station";"Marlborough District";"New Zealand";"Marlborough";"N/A";"N/A";"";"2";"";"";"Z Energy";"Q8063337";"";"";"";"";"";"";"";"";"";"";"Z";"0.69 NZD/kWh";"";"yes"
"972217585";"";"";"charging_station";"N/A";"N/A";"N/A";"N/A";"N/A";"";"6";"";"";"ChargeNet NZ";"Q105872959";"";"";"";"";"";"";"";"";"";"";"";"";"";"yes"
"1347702855";"";"";"charging_station";"N/A";"N/A";"N/A";"N/A";"N/A";"";"3";"";"";"Tesla, Inc.";"Q478214";"";"";"";"";"";"";"";"";"";"";"Tesla, Inc.";"";"";"yes"
"8998196474";"-41.5127602";"173.9599813";"";"Marlborough District";"New Zealand";"Marlborough";"N/A";"N/A";"";"";"";"";"";"";"";"";"";"";"";"";"";"";"";"";"";"";"";""
"8998196475";"-41.5129598";"173.9599993";"";"Marlborough District";"New Zealand";"Marlborough";"N/A";"N/A";"";"";"";"";"";"";"";"";"";"";"";"";"";"";"";"";"";"";"";""
"8998196476";"-41.5129556";"173.9600809";"";"Marlborough District";"New Zealand";"Marlborough";"N/A";"N/A";"";"";"";"";"";"";"";"";"";"";"";"";"";"";"";"";"";"";"";""
"8998196477";"-41.5127561";"173.9600629";"";"Marlborough District";"New Zealand";"Marlborough";"N/A";"N/A";"";"";"";"";"";"";"";"";"";"";"";"";"";"";"";"";"";"";"";""
"12466267539";"-41.5129894";"173.9600861";"";"Marlborough District";"New Zealand";"Marlborough";"N/A";"N/A";"";"";"";"";"";"";"";"";"";"";"";"";"";"";"";"";"";"";"";""
"12466267540";"-41.5130912";"173.9600953";"";"Marlborough District";"New Zealand";"Marlborough";"N/A";"N/A";"";"";"";"";"";"";"";"";"";"";"";"";"";"";"";"";"";"";"";""
"12466267541";"-41.5130949";"173.9600213";"";"Marlborough District";"New Zealand";"Marlborough";"N/A";"N/A";"";"";"";"";"";"";"";"";"";"";"";"";"";"";"";"";"";"";"";""
"12466267542";"-41.5129931";"173.960012";"";"Marlborough District";"New Zealand";"Marlborough";"N/A";"N/A";"";"";"";"";"";"";"";"";"";"";"";"";"";"";"";"";"";"";"";""
"5428549585";"-41.2246668";"174.8730706";"charging_station";"";"New Zealand";"Wellington";"N/A";"N/A";"";"2";"";"";"Pak'nSave";"";"";"";"";"";"";"";"";"";"";"";"";"";"";"no"
"5593457153";"-41.2114227";"174.9043877";"charging_station";"Lower Hutt City";"New Zealand";"Wellington";"N/A";"N/A";"";"25";"";"";"ChargeNet NZ";"Q105872959";"";"";"";"";"";"";"";"";"";"";"";"$0.25/kWh + $0.15/min";"";"yes"
"5621163843";"-41.1734372";"174.9814878";"charging_station";"Upper Hutt City";"New Zealand";"Wellington";"N/A";"N/A";"";"";"";"yes";"Meridian Energy";"Q6819305";"";"";"";"1";"";"";"";"";"";"";"Zero";"";"";""
"5725569423";"-41.2912475";"174.7860364";"charging_station";"Wellington City";"New Zealand";"Wellington";"N/A";"N/A";"";"7.2";"";"yes";"Mevo";"";"";"";"";"";"";"";"";"";"";"";"";"Parking Fee Required";"";"yes"
"5842477206";"-41.2941603";"174.7816769";"charging_station";"Wellington City";"New Zealand";"Wellington";"N/A";"N/A";"";"2";"";"";"Thundergrid";"";"";"";"";"";"";"";"";"";"";"";"";"";"";"yes"
"6016798855";"-41.2927442";"174.7785028";"charging_station";"Wellington City";"New Zealand";"Wellington";"N/A";"N/A";"";"";"";"";"";"";"";"";"";"";"";"";"";"";"";"";"";"";"";""
"6856370257";"-41.3342785";"174.7732024";"charging_station";"Wellington City";"New Zealand";"Wellington";"N/A";"N/A";"";"1";"";"";"ChargeNet NZ";"Q105872959";"";"";"";"";"";"";"";"";"";"";"ChargeNet";"";"";""
"7176620025";"-41.3184403";"174.7971563";"charging_station";"Wellington City";"New Zealand";"Wellington";"N/A";"N/A";"";"2";"";"";"ChargeNet NZ";"Q105872959";"";"";"";"";"";"";"";"";"";"";"";"";"";"yes"
"7631479679";"-41.1485103";"175.0125936";"charging_station";"Upper Hutt City";"New Zealand";"Wellington";"N/A";"N/A";"yes";"2";"";"yes";"ChargeNet NZ";"Q105872959";"";"";"";"";"";"";"";"28";"Whitemans Road";"5019";"";"";"24/7";"yes"
"7785812920";"-41.2845843";"174.776095";"charging_station";"Wellington City";"New Zealand";"Wellington";"N/A";"N/A";"";"50";"";"";"ChargeNet NZ";"Q105872959";"";"";"";"";"";"";"";"";"";"";"ChargeNet NZ";"$0.25/kWh + $0.25/min";"";"yes"
"7839514761";"-41.2238001";"174.8729995";"charging_station";"";"New Zealand";"Wellington";"N/A";"N/A";"";"2";"";"";"ChargeNet NZ";"Q105872959";"";"";"";"";"";"";"";"";"";"";"";"0.80 NZD/kWh";"24/7";"yes"
"7839514762";"-41.2242528";"174.8709887";"charging_station";"";"New Zealand";"Wellington";"N/A";"N/A";"";"2";"";"";"The Warehouse";"";"";"";"";"";"";"";"";"";"";"";"";"";"";"no"
"7867078713";"-41.2028275";"174.8084999";"charging_station";"";"New Zealand";"Wellington";"N/A";"N/A";"";"25";"";"";"charge.net.nz";"";"";"";"";"";"";"";"";"";"";"";"";"$0.25/kWh + $0.15/min";"";"yes"
"7867078714";"-41.2114257";"174.9044138";"charging_station";"Lower Hutt City";"New Zealand";"Wellington";"N/A";"N/A";"";"2";"";"";"ChargeNet NZ";"Q105872959";"";"";"";"";"";"";"";"";"";"";"";"0.80 NZD/kWh";"24/7";"yes"
"7867078715";"-41.2115972";"174.9050577";"charging_station";"Lower Hutt City";"New Zealand";"Wellington";"N/A";"N/A";"";"8";"";"";"Hutt CIty Council";"";"";"";"";"";"";"";"";"";"";"";"";"";"Mo-Fr 00:00-07:00, 17:00-00:00;PH 00:00-00:00;Sa-Su 00:00-00:00";"no"
"7881995957";"-41.2957167";"174.7805806";"charging_station";"Wellington City";"New Zealand";"Wellington";"N/A";"N/A";"";"2";"";"";"Thundergrid";"";"";"";"";"";"";"";"";"";"";"";"";"";"";"yes"
"7882141914";"-41.2914257";"174.782862";"charging_station";"Wellington City";"New Zealand";"Wellington";"N/A";"N/A";"";"1";"";"";"ChargeNet NZ";"Q105872959";"";"";"";"";"";"";"";"";"";"";"";"$0.25/kWh + $0.25/min";"";"yes"
"7882148392";"-41.2896041";"174.7762043";"charging_station";"Wellington City";"New Zealand";"Wellington";"N/A";"N/A";"";"22";"";"";"ChargeNet NZ";"Q105872959";"";"";"";"";"";"";"";"";"";"";"ChargeNet";"";"";"no"
"7949573137";"-41.283812";"174.7785279";"charging_station";"Wellington City";"New Zealand";"Wellington";"N/A";"N/A";"";"4";"";"";"";"";"";"";"";"";"";"";"";"";"";"";"";"";"";""
"8711810819";"-41.2783741";"174.7572341";"charging_station";"Wellington City";"New Zealand";"Wellington";"N/A";"N/A";"";"2";"";"";"ChargeNet NZ";"Q105872959";"";"";"";"";"";"";"";"";"";"";"";"";"";"yes"
"8926640121";"-41.2920983";"174.7728764";"charging_station";"Wellington City";"New Zealand";"Wellington";"N/A";"N/A";"";"";"";"";"";"";"";"";"";"";"";"";"";"";"";"";"";"";"";""
"8972707389";"-41.2250124";"174.8082049";"charging_station";"";"New Zealand";"Wellington";"N/A";"N/A";"";"6";"";"";"Tesla, Inc.";"Q478214";"";"";"";"";"";"";"";"";"";"";"Tesla Supercharger";"";"";"yes"
"9006315211";"-41.2229715";"174.804219";"charging_station";"";"New Zealand";"Wellington";"N/A";"N/A";"yes";"4";"";"";"ChargeNet NZ";"Q105872959";"";"";"";"4";"";"";"";"";"";"";"";"";"";"yes"
"9593164568";"-41.2949718";"174.7585954";"charging_station";"Wellington City";"New Zealand";"Wellington";"N/A";"N/A";"";"2";"";"";"ChargeNet NZ";"Q105872959";"";"";"";"";"";"";"";"";"";"";"";"";"";""
"9808919401";"-41.2840897";"174.7791745";"charging_station";"Wellington City";"New Zealand";"Wellington";"N/A";"N/A";"";"";"";"";"";"";"";"";"";"";"";"";"";"";"";"";"";"";"";""
"9880011556";"-41.2477703";"174.9031596";"charging_station";"Lower Hutt City";"New Zealand";"Wellington";"N/A";"N/A";"";"2";"";"";"Meridian Energy";"Q6819305";"";"";"";"";"";"";"";"";"";"";"Zero";"";"";"no"
"10052888594";"-41.2942921";"174.7742047";"charging_station";"Wellington City";"New Zealand";"Wellington";"N/A";"N/A";"";"2";"";"";"OpenLoop";"Q113289213";"";"";"";"";"";"";"";"";"";"";"OpenLoop";"0.69 /kWh";"24/7";"yes"
"10243712919";"-41.2226226";"174.8690624";"charging_station";"";"New Zealand";"Wellington";"N/A";"N/A";"";"2";"";"";"Z Energy";"Q8063337";"";"";"";"";"";"";"";"";"";"";"";"";"";"yes"
"10596183184";"-41.3023451";"174.8241161";"charging_station";"Wellington City";"New Zealand";"Wellington";"N/A";"N/A";"";"2";"";"";"ChargeNet NZ";"Q105872959";"";"";"";"";"";"";"";"";"";"";"ChargeNet";"";"";""
"10596269600";"-41.3309125";"174.7802086";"charging_station";"Wellington City";"New Zealand";"Wellington";"N/A";"N/A";"";"2";"";"";"ChargeNet NZ";"Q105872959";"";"";"";"";"";"";"";"";"";"";"ChargeNet";"";"";""
"10596299212";"-41.3164601";"174.8015508";"charging_station";"Wellington City";"New Zealand";"Wellington";"N/A";"N/A";"";"3";"";"";"Meridian Energy";"Q6819305";"";"";"";"";"";"";"";"";"";"";"Zero";"";"";""
"10596320613";"-41.3300949";"174.7858952";"charging_station";"Wellington City";"New Zealand";"Wellington";"N/A";"N/A";"";"2";"";"";"ChargeNet NZ";"Q105872959";"";"";"";"";"";"";"";"";"";"";"ChargeNet";"";"";""
"10597851671";"-41.3014642";"174.7596192";"charging_station";"Wellington City";"New Zealand";"Wellington";"N/A";"N/A";"";"2";"";"";"ChargeNet NZ";"Q105872959";"";"";"";"";"";"";"";"";"";"";"";"";"";""
"10597851876";"-41.2970546";"174.7655792";"charging_station";"Wellington City";"New Zealand";"Wellington";"N/A";"N/A";"";"2";"";"";"ChargeNet NZ";"Q105872959";"";"";"";"";"";"";"";"";"";"";"";"";"";""
"10597854262";"-41.2837041";"174.737998";"charging_station";"Wellington City";"New Zealand";"Wellington";"N/A";"N/A";"";"2";"";"";"ChargeNet NZ";"Q105872959";"";"";"";"";"";"";"";"";"";"";"";"";"";""
"10597854264";"-41.2852609";"174.7373901";"charging_station";"Wellington City";"New Zealand";"Wellington";"N/A";"N/A";"";"2";"";"";"Meridian Energy";"Q6819305";"";"";"";"";"";"";"";"";"";"";"Zero";"";"";""
"10597871127";"-41.3297288";"174.7764777";"charging_station";"Wellington City";"New Zealand";"Wellington";"N/A";"N/A";"";"2";"";"";"ChargeNet NZ";"Q105872959";"";"";"";"";"";"";"";"";"";"";"ChargeNet";"";"";""
"10597871128";"-41.3233573";"174.7724587";"charging_station";"Wellington City";"New Zealand";"Wellington";"N/A";"N/A";"";"2";"";"";"ChargeNet NZ";"Q105872959";"";"";"";"";"";"";"";"";"";"";"ChargeNet";"";"";""
"10597871129";"-41.319346";"174.7849666";"charging_station";"Wellington City";"New Zealand";"Wellington";"N/A";"N/A";"";"2";"";"";"ChargeNet NZ";"Q105872959";"";"";"";"";"";"";"";"";"";"";"";"";"";""
"10597871137";"-41.3106044";"174.7775452";"charging_station";"Wellington City";"New Zealand";"Wellington";"N/A";"N/A";"";"2";"";"";"ChargeNet NZ";"Q105872959";"";"";"";"";"";"";"";"";"";"";"";"";"";""
"10597871138";"-41.3116817";"174.7861251";"charging_station";"Wellington City";"New Zealand";"Wellington";"N/A";"N/A";"";"2";"";"";"ChargeNet NZ";"Q105872959";"";"";"";"";"";"";"";"";"";"";"";"";"";""
"10597871139";"-41.3089506";"174.7852878";"charging_station";"Wellington City";"New Zealand";"Wellington";"N/A";"N/A";"";"2";"";"";"ChargeNet NZ";"Q105872959";"";"";"";"";"";"";"";"";"";"";"";"";"";""
"10597871140";"-41.3071424";"174.773979";"charging_station";"Wellington City";"New Zealand";"Wellington";"N/A";"N/A";"";"2";"";"";"ChargeNet NZ";"Q105872959";"";"";"";"";"";"";"";"";"";"";"";"";"";""
"10597871235";"-41.2906984";"174.7528228";"charging_station";"Wellington City";"New Zealand";"Wellington";"N/A";"N/A";"";"10";"";"";"";"";"";"";"";"";"";"";"";"";"";"";"";"";"";""
"10597887135";"-41.2926932";"174.7785208";"charging_station";"Wellington City";"New Zealand";"Wellington";"N/A";"N/A";"";"1";"";"";"ChargeNet NZ";"Q105872959";"";"";"";"";"";"";"";"";"";"";"";"";"";""
"10597888827";"-41.2988301";"174.7869084";"charging_station";"Wellington City";"New Zealand";"Wellington";"N/A";"N/A";"";"2";"";"";"ChargeNet NZ";"Q105872959";"";"";"";"";"";"";"";"";"";"";"";"";"";""
"10597896724";"-41.2966182";"174.783355";"charging_station";"Wellington City";"New Zealand";"Wellington";"N/A";"N/A";"";"";"";"";"Nissan";"Q20165";"";"";"";"";"";"";"";"";"";"";"";"";"";""
"10597906357";"-41.2955264";"174.7748962";"charging_station";"Wellington City";"New Zealand";"Wellington";"N/A";"N/A";"";"";"";"";"";"";"";"";"";"";"";"";"";"";"";"";"Tesla, Inc.";"";"";""
"10689618608";"-41.3159278";"174.7938648";"charging_station";"Wellington City";"New Zealand";"Wellington";"N/A";"N/A";"";"2";"";"";"";"";"";"";"";"";"";"";"";"";"";"";"";"";"";""
"10910648885";"-41.3239437";"174.8109211";"charging_station";"Wellington City";"New Zealand";"Wellington";"N/A";"N/A";"";"";"";"";"";"";"";"";"";"";"";"";"";"";"";"";"";"";"";""
"10958659239";"-41.1328245";"175.0663135";"charging_station";"Upper Hutt City";"New Zealand";"Wellington";"N/A";"N/A";"";"";"";"";"";"";"";"";"";"";"";"";"";"";"";"";"";"";"";""
"10958659240";"-41.1323076";"175.0665465";"charging_station";"Upper Hutt City";"New Zealand";"Wellington";"N/A";"N/A";"";"3";"";"";"";"";"";"";"";"";"";"";"";"";"";"";"";"";"";""
"10958659323";"-41.1320467";"175.0658378";"charging_station";"Upper Hutt City";"New Zealand";"Wellington";"N/A";"N/A";"";"";"";"";"";"";"";"";"";"";"";"";"";"";"";"";"";"";"";""
"11162000286";"-41.1941609";"174.9320491";"charging_station";"Lower Hutt City";"New Zealand";"Wellington";"N/A";"N/A";"";"9";"";"";"Meridian Energy";"Q6819305";"";"";"";"4";"";"";"";"";"";"";"Zero";"";"";"yes"
"11484375223";"-41.2887013";"174.7072359";"charging_station";"Wellington City";"New Zealand";"Wellington";"N/A";"N/A";"";"2";"";"";"";"";"";"";"";"";"";"";"";"";"";"";"";"";"";"no"
"11508132054";"-41.1846651";"174.9498137";"charging_station";"Lower Hutt City";"New Zealand";"Wellington";"N/A";"N/A";"";"4";"";"";"Meridian Energy";"Q6819305";"";"";"";"";"";"";"";"";"";"";"Zero";"50c";"";"yes"
"11508174611";"-41.1789204";"174.9597994";"charging_station";"Lower Hutt City";"New Zealand";"Wellington";"N/A";"N/A";"";"";"";"";"Meridian Energy";"Q6819305";"";"";"";"";"";"";"";"";"";"";"Zero";"";"";""
"12704778487";"-41.2969305";"174.7766343";"charging_station";"Wellington City";"New Zealand";"Wellington";"N/A";"N/A";"";"2";"";"yes";"";"";"";"";"";"";"";"";"";"";"";"";"";"";"";"yes"
"1063194322";"";"";"charging_station";"N/A";"N/A";"N/A";"N/A";"N/A";"";"2";"";"";"";"";"";"";"";"";"";"";"";"";"";"";"";"";"";""
"1124925919";"";"";"charging_station";"N/A";"N/A";"N/A";"N/A";"N/A";"";"";"";"no";"Metlink";"Q7258026";"";"";"";"";"";"";"";"";"";"";"";"";"";""
"1124925921";"";"";"charging_station";"N/A";"N/A";"N/A";"N/A";"N/A";"";"";"";"";"";"";"";"";"";"";"";"";"";"";"";"";"";"";"";""
"1125321243";"";"";"charging_station";"N/A";"N/A";"N/A";"N/A";"N/A";"";"1";"";"no";"Metlink";"Q7258026";"";"";"";"";"";"";"";"";"";"";"";"";"";""
"10290699891";"-41.34315";"174.770761";"";"Wellington City";"New Zealand";"Wellington";"N/A";"N/A";"";"";"";"";"";"";"";"";"";"";"";"";"";"";"";"";"";"";"";""
"10290699892";"-41.3431586";"174.7707572";"";"Wellington City";"New Zealand";"Wellington";"N/A";"N/A";"";"";"";"";"";"";"";"";"";"";"";"";"";"";"";"";"";"";"";""
"10290699893";"-41.3431722";"174.7708108";"";"Wellington City";"New Zealand";"Wellington";"N/A";"N/A";"";"";"";"";"";"";"";"";"";"";"";"";"";"";"";"";"";"";"";""
"10290699894";"-41.3431636";"174.7708147";"";"Wellington City";"New Zealand";"Wellington";"N/A";"N/A";"";"";"";"";"";"";"";"";"";"";"";"";"";"";"";"";"";"";"";""
"9766586245";"-41.3348341";"174.772583";"";"Wellington City";"New Zealand";"Wellington";"N/A";"N/A";"";"";"";"";"";"";"";"";"";"";"";"";"";"";"";"";"";"";"";""
"9766586246";"-41.3348686";"174.7725634";"";"Wellington City";"New Zealand";"Wellington";"N/A";"N/A";"";"";"";"";"";"";"";"";"";"";"";"";"";"";"";"";"";"";"";""
"9766586247";"-41.3348759";"174.7726267";"";"Wellington City";"New Zealand";"Wellington";"N/A";"N/A";"";"";"";"";"";"";"";"";"";"";"";"";"";"";"";"";"";"";"";""
"9766586248";"-41.3348374";"174.7726486";"";"Wellington City";"New Zealand";"Wellington";"N/A";"N/A";"";"";"";"";"";"";"";"";"";"";"";"";"";"";"";"";"";"";"";""
"10287140267";"-41.278159";"174.7795995";"";"Wellington City";"New Zealand";"Wellington";"N/A";"N/A";"";"";"";"";"";"";"";"";"";"";"";"";"";"";"";"";"";"";"";""
"10287140268";"-41.2781786";"174.7795652";"";"Wellington City";"New Zealand";"Wellington";"N/A";"N/A";"";"";"";"";"";"";"";"";"";"";"";"";"";"";"";"";"";"";"";""
"10287140269";"-41.2781896";"174.7795762";"";"Wellington City";"New Zealand";"Wellington";"N/A";"N/A";"";"";"";"";"";"";"";"";"";"";"";"";"";"";"";"";"";"";"";""
"10287140270";"-41.27817";"174.7796105";"";"Wellington City";"New Zealand";"Wellington";"N/A";"N/A";"";"";"";"";"";"";"";"";"";"";"";"";"";"";"";"";"";"";"";""
"10287140274";"-41.2781562";"174.7796155";"";"Wellington City";"New Zealand";"Wellington";"N/A";"N/A";"";"";"";"";"";"";"";"";"";"";"";"";"";"";"";"";"";"";"";""
"10287140275";"-41.2781593";"174.7796187";"";"Wellington City";"New Zealand";"Wellington";"N/A";"N/A";"";"";"";"";"";"";"";"";"";"";"";"";"";"";"";"";"";"";"";""
"10287140276";"-41.2781553";"174.7796259";"";"Wellington City";"New Zealand";"Wellington";"N/A";"N/A";"";"";"";"";"";"";"";"";"";"";"";"";"";"";"";"";"";"";"";""
"10287140277";"-41.2781521";"174.7796227";"";"Wellington City";"New Zealand";"Wellington";"N/A";"N/A";"";"";"";"";"";"";"";"";"";"";"";"";"";"";"";"";"";"";"";""
"9837441208";"-40.8406253";"145.1253769";"charging_station";"Circular Head";"Australia";"Tasmania";"N/A";"N/A";"";"";"";"";"Chargefox";"Q105775824";"";"";"";"";"";"";"";"";"";"";"";"";"";"yes"
"8041302706";"-41.0498769";"145.90733";"charging_station";"Burnie";"Australia";"Tasmania";"N/A";"N/A";"";"1";"";"";"Electric Highway Tasmania";"Q105834331";"";"";"";"1";"";"";"";"";"";"";"Electric Highway Tasmania";"0.25 AU/kWh";"24/7";"yes"
"10744595484";"-41.1056353";"146.8234244";"charging_station";"George Town";"Australia";"Tasmania";"N/A";"N/A";"";"";"";"";"";"";"";"";"";"";"";"";"";"";"";"";"";"";"";""
"8340141563";"-41.0035878";"147.3947423";"charging_station";"Dorset";"Australia";"Tasmania";"N/A";"N/A";"";"";"";"yes";"";"";"";"";"";"";"";"";"";"";"";"";"";"";"Mo-Su 10:00-16:00";""
"4831770321";"-40.861936";"172.8061994";"charging_station";"Tasman District";"New Zealand";"Tasman";"N/A";"N/A";"";"";"";"";"";"";"";"";"";"";"";"";"";"";"";"";"";"";"";""
"4953884118";"-41.1238537";"175.0709754";"charging_station";"Upper Hutt City";"New Zealand";"Wellington";"N/A";"N/A";"";"";"";"";"ChargeNet NZ";"Q105872959";"";"";"";"";"";"";"";"";"";"";"";"";"";""
"5621229123";"-40.8784262";"175.0643337";"charging_station";"Kapiti Coast District";"New Zealand";"Wellington";"N/A";"N/A";"";"";"";"yes";"";"";"";"";"";"1";"";"";"";"";"";"";"";"";"";""
"7081550031";"-40.8613707";"175.0241606";"charging_station";"Kapiti Coast District";"New Zealand";"Wellington";"N/A";"N/A";"";"50";"";"";"ChargeNet NZ";"Q105872959";"";"";"";"1";"";"";"";"";"";"";"";"$0.25/kWh + $0.25/min";"";"yes"
"7743754037";"-40.9873892";"174.9515352";"charging_station";"Kapiti Coast District";"New Zealand";"Wellington";"N/A";"N/A";"";"2";"";"";"charge.net.nz";"";"";"";"";"";"";"";"";"";"";"";"ChargeNet";"$0.25/kWh + $0.25/min";"";"yes"
"7759750014";"-41.0948797";"174.8689709";"charging_station";"Porirua City";"New Zealand";"Wellington";"N/A";"N/A";"";"25";"";"";"ChargeNet NZ";"Q105872959";"";"";"";"";"";"";"";"";"";"";"";"$0.25/kWh + $0.15/min";"";"yes"
"7867078712";"-40.9188096";"174.9816683";"charging_station";"Kapiti Coast District";"New Zealand";"Wellington";"N/A";"N/A";"";"50";"";"";"ChargeNet NZ";"Q105872959";"";"";"";"";"";"";"";"";"";"";"";"$0.25/kWh + $0.25/min";"";"yes"
"10951132402";"-40.9074119";"174.9997252";"charging_station";"Kapiti Coast District";"New Zealand";"Wellington";"N/A";"N/A";"";"2";"";"";"BP";"Q152057";"";"";"";"";"";"";"";"";"";"";"BP";"0.70 NZD/kWh";"";"yes"
"11330254773";"-40.9170606";"175.0024974";"charging_station";"Kapiti Coast District";"New Zealand";"Wellington";"N/A";"N/A";"";"4";"";"yes";"ChargeNet NZ";"Q105872959";"";"";"";"";"";"";"";"";"";"";"";"$0.85 / kWh";"24/7";"yes"
"11508172784";"-41.1256414";"175.0673483";"charging_station";"Upper Hutt City";"New Zealand";"Wellington";"N/A";"N/A";"";"4";"";"";"Meridian Energy";"Q6819305";"";"";"";"";"";"";"";"";"";"";"Zero";"50c";"";"yes"
"5309909880";"-41.1168197";"175.3256896";"charging_station";"Upper Hutt City";"New Zealand";"Wellington";"N/A";"N/A";"";"2";"";"yes";"ChargeNet NZ";"Q105872959";"";"";"";"";"";"";"";"";"";"";"";"";"";"yes"
"5593507649";"-40.7636348";"175.1527877";"charging_station";"Kapiti Coast District";"New Zealand";"Wellington";"N/A";"N/A";"";"50";"";"yes";"ChargeNet NZ";"Q105872959";"";"";"";"";"";"";"";"";"";"";"";"$0.25/kWh + $0.25/min";"";"yes"
"10243747850";"-41.1090965";"175.0970918";"charging_station";"Upper Hutt City";"New Zealand";"Wellington";"N/A";"N/A";"";"2";"";"";"Z Energy";"Q8063337";"";"";"";"";"";"";"";"";"";"";"";"";"";"yes"
"11332167124";"-40.6293029";"175.2785618";"charging_station";"Horowhenua District";"New Zealand";"Manawatu-Wanganui";"N/A";"N/A";"";"2";"";"";"BP";"Q152057";"";"";"";"";"";"";"";"";"";"";"";"$0.70/kWh";"24/7";"yes"
"4867381822";"-40.9486421";"175.6660209";"charging_station";"Masterton District";"New Zealand";"Wellington";"N/A";"N/A";"";"";"";"yes";"ChargeNet NZ";"Q105872959";"";"";"";"";"";"";"";"";"";"";"";"";"";""
"10014424574";"-40.9574787";"175.649624";"charging_station";"Masterton District";"New Zealand";"Wellington";"N/A";"N/A";"";"2";"";"";"Meridian Energy";"Q6819305";"";"";"";"2";"";"";"";"";"";"";"Zero";"";"";"no"
"10014602202";"-40.9545982";"175.6530922";"charging_station";"Masterton District";"New Zealand";"Wellington";"N/A";"N/A";"";"2";"";"";"Chargefox";"Q105775824";"";"";"";"2";"";"";"";"";"";"";"";"";"";"no"
"10014602205";"-40.9566087";"175.6524845";"charging_station";"Masterton District";"New Zealand";"Wellington";"N/A";"N/A";"";"";"";"";"";"";"";"";"";"";"";"";"";"";"";"";"";"";"";""
"6804257410";"-40.5731395";"-73.1381735";"charging_station";"Provincia de Osorno";"Chile";"Los Lagos";"N/A";"N/A";"";"2";"";"";"";"";"";"";"";"2";"";"";"";"";"";"";"";"";"";""
"11230458637";"-40.5874857";"-73.1043795";"charging_station";"Provincia de Osorno";"Chile";"Los Lagos";"N/A";"N/A";"";"";"";"";"";"";"";"";"";"";"";"";"";"";"";"";"";"";"";""
"11778650369";"-40.4775997";"-73.0355062";"charging_station";"Provincia de Osorno";"Chile";"Los Lagos";"N/A";"N/A";"";"";"";"";"";"";"";"";"";"";"";"";"";"";"";"";"";"";"";""
"11395085495";"-40.1606353";"-71.3581091";"charging_station";"Departamento de Lacar";"Argentina";"Neuquen";"N/A";"N/A";"";"";"";"";"Municipalidad de San Martín de los Andes";"";"";"";"";"";"";"";"";"";"";"";"";"";"";""
"5621236471";"-40.6234995";"175.2841608";"charging_station";"Horowhenua District";"New Zealand";"Manawatu-Wanganui";"N/A";"N/A";"";"";"";"yes";"ChargeNet NZ";"Q105872959";"";"";"";"";"";"";"";"";"";"";"";"";"";""
"7867078702";"-40.2280378";"175.5695436";"charging_station";"Palmerston North City";"New Zealand";"Manawatu-Wanganui";"N/A";"N/A";"";"50";"";"";"ChargeNet NZ";"Q105872959";"";"";"";"";"";"";"";"";"";"";"";"$0.25/kWh + $0.25/min";"";"yes"
"7867078703";"-40.4716477";"175.2811384";"charging_station";"Horowhenua District";"New Zealand";"Manawatu-Wanganui";"N/A";"N/A";"";"50";"";"";"charge.net.nz";"";"";"";"";"";"";"";"";"";"";"";"";"$0.25/kWh + $0.25/min";"";"yes"
"7867078708";"-40.5468997";"175.4107073";"charging_station";"Horowhenua District";"New Zealand";"Manawatu-Wanganui";"N/A";"N/A";"";"50";"";"";"ChargeNet NZ";"Q105872959";"";"";"";"";"";"";"";"";"";"";"";"$0.25/kWh + $0.25/min";"";"yes"
"7867078709";"-40.6232598";"175.2836408";"charging_station";"Horowhenua District";"New Zealand";"Manawatu-Wanganui";"N/A";"N/A";"";"";"";"";"ChargeNet NZ";"Q105872959";"";"";"";"";"";"";"";"";"";"";"";"$0.25/kWh + $0.25/min";"";"yes"
"8079002683";"-40.1753251";"175.3859219";"charging_station";"Rangitikei District";"New Zealand";"Manawatu-Wanganui";"N/A";"N/A";"";"3";"";"";"ChargeNet NZ";"Q105872959";"";"";"";"";"";"";"";"";"";"";"";"0.85 NZD / kWh";"";"yes"
"5593584731";"-40.3554664";"175.6118074";"charging_station";"Palmerston North City";"New Zealand";"Manawatu-Wanganui";"N/A";"N/A";"";"50";"";"yes";"ChargeNet NZ";"Q105872959";"";"";"";"";"";"";"";"";"";"";"";"$0.25/kWh + $0.25/min";"";"yes"
"5593585542";"-40.358209";"175.6142459";"charging_station";"Palmerston North City";"New Zealand";"Manawatu-Wanganui";"N/A";"N/A";"";"";"";"yes";"";"";"";"";"";"";"";"";"";"";"";"";"";"";"";""
"5601674870";"-40.336669";"175.8655672";"charging_station";"Palmerston North City";"New Zealand";"Manawatu-Wanganui";"N/A";"N/A";"";"";"";"yes";"ChargeNet NZ";"Q105872959";"";"";"";"";"";"";"";"";"";"";"";"";"";""
"5601431032";"-40.2096318";"176.0990775";"charging_station";"Palmerston North City";"New Zealand";"Manawatu-Wanganui";"N/A";"N/A";"";"1";"";"yes";"ChargeNet NZ";"Q105872959";"";"";"";"";"";"";"";"";"";"";"";"$0.25 / kWh + $0.25 / minute";"24/7";"yes"
